Powierzchnia:;62,31 m
Forma w쓰sno띾i:;pe쓽a w쓰sno럱
Powierzchnia:;62,31 m
Forma w쓰sno띾i:;pe쓽a w쓰sno럱
Powierzchnia:;62,31 m
Forma w쓰sno띾i:;pe쓽a w쓰sno럱
Powierzchnia:;62,31 m
Forma w쓰sno띾i:;pe쓽a w쓰sno럱
Powierzchnia:;62,31 m
Forma w쓰sno띾i:;pe쓽a w쓰sno럱
Powierzchnia:;62,31 m
Forma w쓰sno띾i:;pe쓽a w쓰sno럱
Powierzchnia:;62,31 m
Forma w쓰sno띾i:;pe쓽a w쓰sno럱
Powierzchnia:;62,31 m
Forma w쓰sno띾i:;pe쓽a w쓰sno럱
Powierzchnia:;62,31 m
Forma w쓰sno띾i:;pe쓽a w쓰sno럱
Powierzchnia:;62,31 m
Forma w쓰sno띾i:;pe쓽a w쓰sno럱
Powierzchnia:;62,31 m
Forma w쓰sno띾i:;pe쓽a w쓰sno럱
Powierzchnia:;62,31 m
Forma w쓰sno띾i:;pe쓽a w쓰sno럱
Powierzchnia:;62,31 m
Forma w쓰sno띾i:;pe쓽a w쓰sno럱
Powierzchnia:;62,31 m
Forma w쓰sno띾i:;pe쓽a w쓰sno럱
Powierzchnia:;62,31 m
Forma w쓰sno띾i:;pe쓽a w쓰sno럱
Powierzchnia:;62,31 m
Forma w쓰sno띾i:;pe쓽a w쓰sno럱
Powierzchnia:;62,31 m
Forma w쓰sno띾i:;pe쓽a w쓰sno럱
Powierzchnia:;62,31 m
Forma w쓰sno띾i:;pe쓽a w쓰sno럱
Powierzchnia:;62,31 m
Forma w쓰sno띾i:;pe쓽a w쓰sno럱
Powierzchnia:;62,31 m
Forma w쓰sno띾i:;pe쓽a w쓰sno럱
Powierzchnia:;62,31 m
Forma w쓰sno띾i:;pe쓽a w쓰sno럱
Powierzchnia:;62,31 m
Forma w쓰sno띾i:;pe쓽a w쓰sno럱
Powierzchnia:;62,31 m
Forma w쓰sno띾i:;pe쓽a w쓰sno럱
Powierzchnia:;62,31 m
Forma w쓰sno띾i:;pe쓽a w쓰sno럱
Powierzchnia:;62,31 m
Forma w쓰sno띾i:;pe쓽a w쓰sno럱
Powierzchnia:;62,31 m
Forma w쓰sno띾i:;pe쓽a w쓰sno럱
Powierzchnia:;62,31 m
Forma w쓰sno띾i:;pe쓽a w쓰sno럱
Powierzchnia:;62,31 m
Forma w쓰sno띾i:;pe쓽a w쓰sno럱
Powierzchnia:;62,31 m
Forma w쓰sno띾i:;pe쓽a w쓰sno럱
Powierzchnia:;62,31 m
Forma w쓰sno띾i:;pe쓽a w쓰sno럱
Powierzchnia:;62,31 m
Forma w쓰sno띾i:;pe쓽a w쓰sno럱
Powierzchnia:;62,31 m
Forma w쓰sno띾i:;pe쓽a w쓰sno럱
Powierzchnia:;62,31 m
Forma w쓰sno띾i:;pe쓽a w쓰sno럱
Powierzchnia:;62,31 m
Forma w쓰sno띾i:;pe쓽a w쓰sno럱
Powierzchnia:;62,31 m
Forma w쓰sno띾i:;pe쓽a w쓰sno럱
Powierzchnia:;62,31 m
Forma w쓰sno띾i:;pe쓽a w쓰sno럱
Powierzchnia:;62,31 m
Forma w쓰sno띾i:;pe쓽a w쓰sno럱
Powierzchnia:;62,31 m
Forma w쓰sno띾i:;pe쓽a w쓰sno럱
Powierzchnia:;62,31 m
